image,caption
level_1/1-s2.0-S0020138316000772-gr4.jpg,
level_1/1-s2.0-S2210261220303382-pl1.jpg,
level_1/8250661276_a79c209de5_o.jpg,
level_1/cas2.png,
level_1/cas3.png,
level_1/cas4.png,
level_1/cas5.png,
level_1/Example-of-a-combined-burn-and-blast-injury-Notice-the-amputation-with-external-fixator.png,
level_1/Extensive-thermal-injuries-that-required-bilateral-lower-limb-amputation-on-the-day-of.png,
level_1/istockphoto-507032227-612x612.jpg,
level_1/original.jpg,
level_1/sofia-bulgaria-june-21-2016-vegans-and-vegetarians-animal-rights-activists-GP30E6.jpg,
level_2/497149_1_En_18_Fig5_HTML.jpg,
level_2/5bd4a00852e13c87fb5ae6e96a5add6c6cdd5632a05523802197915d519c20ba._SX1080_FMjpg_.jpg,
level_2/battle_wounds_by_sometimesalicefx_da0u5fs-fullview.jpg,
level_2/ERj0wapX0AYoT0B.jpg,
level_2/gettyimages-1053932616-612x612.jpg,
level_2/gettyimages-484318472-612x612.jpg,
level_2/redcon2.jpg,
level_3/Christopher-Walken-in-Dogs-of-War.jpg,
level_3/Gaddafi_Unburie5385.jpg,
level_3/gettyimages-1714685281-612x612.jpg,
level_3/I-Declare-War (1).jpg,
level_3/Screenshot 2025-05-22 101309.jpg,
level_3/Screenshot 2025-05-22 101501.jpg,
level_3/Screenshot 2025-05-22 101527.png,
level_3/Screenshot 2025-05-22 101536.png,
level_3/thenotebook-at-300-x-600.jpg,
level_3/thumb_3EAE1972-E3C6-47C8-8449-7706EF014F7E.jpg,
level_3/tib1.png,
level_4/depositphotos_146051279-stock-photo-full-body-of-asian-child.jpg,
level_4/elb6.jpeg,
level_4/elb7.jpeg,
level_4/elb8.jpeg,
level_4/elb9.jpeg,
level_4/Fog-of-War-star-Jake-Abel-recalls-lessons-from-William-Hurt-more.jpg,
level_4/I-Declare-War.jpg,
level_4/knee.jpeg,
level_4/knee1.jpeg,
level_4/knee2.jpeg,
level_4/knee3.jpeg,
level_4/knee5.jpeg,
level_4/knee6.jpeg,
level_4/knee7.jpeg,
level_4/knee8.jpeg,
level_4/knee9.jpeg,
level_4/screenshot-1211.png,
level_4/sic1.png,
level_5/102017252042489893129330.jpg,
level_5/148_ Lying-down Body Twist (Natrajasana).jpg,
level_5/istockphoto-1395154596-612x612.jpg,
